source_file,match_id,round_number,map,local_team_side,att_money,def_money,economy_diff,att_ults_ready,def_ults_ready,score_won,score_lost,score_diff,winner
first_match.json,54dfe3f3-0ad2-4993-a7b5-8a782b3c2feb,1,Foxtrot,attack,0,0,0,0,0,0,0,0,
first_match.json,54dfe3f3-0ad2-4993-a7b5-8a782b3c2feb,2,Foxtrot,attack,12950,4000,8950,0,0,0,1,-1,enemies
first_match.json,54dfe3f3-0ad2-4993-a7b5-8a782b3c2feb,3,Foxtrot,attack,26000,17350,8650,1,1,0,2,-2,enemies
first_match.json,54dfe3f3-0ad2-4993-a7b5-8a782b3c2feb,4,Foxtrot,attack,18900,22600,-3700,1,1,0,3,-3,enemies
first_match.json,54dfe3f3-0ad2-4993-a7b5-8a782b3c2feb,5,Foxtrot,defense,35300,5300,30000,0,0,0,4,-4,enemies
match10.json,6c43852f-1cc5-4f15-943c-7ea9dfd00ac9,1,Jam,defense,0,0,0,0,0,0,0,0,
match10.json,6c43852f-1cc5-4f15-943c-7ea9dfd00ac9,2,Jam,defense,4000,7450,-3450,0,0,1,0,1,allies
match10.json,6c43852f-1cc5-4f15-943c-7ea9dfd00ac9,3,Jam,defense,11950,16350,-4400,0,0,2,0,2,allies
match10.json,6c43852f-1cc5-4f15-943c-7ea9dfd00ac9,4,Jam,defense,18200,20700,-2500,0,1,3,0,3,allies
match10.json,6c43852f-1cc5-4f15-943c-7ea9dfd00ac9,5,Jam,defense,17800,14550,3250,1,1,3,1,2,allies
match10.json,6c43852f-1cc5-4f15-943c-7ea9dfd00ac9,6,Jam,defense,20450,18750,1700,2,1,4,1,3,
match10.json,6c43852f-1cc5-4f15-943c-7ea9dfd00ac9,7,Jam,defense,21550,19450,2100,3,2,5,1,4,allies
match10.json,6c43852f-1cc5-4f15-943c-7ea9dfd00ac9,8,Jam,defense,18700,15300,3400,3,1,6,1,5,allies
match10.json,6c43852f-1cc5-4f15-943c-7ea9dfd00ac9,9,Jam,defense,22300,25200,-2900,5,3,7,1,6,allies
match10.json,6c43852f-1cc5-4f15-943c-7ea9dfd00ac9,10,Jam,defense,23250,25950,-2700,4,0,7,2,5,enemies
match10.json,6c43852f-1cc5-4f15-943c-7ea9dfd00ac9,11,Jam,defense,26350,23500,2850,3,2,8,2,6,allies
match10.json,6c43852f-1cc5-4f15-943c-7ea9dfd00ac9,12,Jam,defense,21250,32050,-10800,3,2,9,2,7,allies
match10.json,6c43852f-1cc5-4f15-943c-7ea9dfd00ac9,13,Jam,attack,27350,22100,5250,1,3,10,2,8,allies
match10.json,6c43852f-1cc5-4f15-943c-7ea9dfd00ac9,14,Jam,attack,9100,7350,1750,0,1,11,2,9,allies
match10.json,6c43852f-1cc5-4f15-943c-7ea9dfd00ac9,15,Jam,attack,3950,12850,-8900,0,2,11,3,8,enemies
match10.json,6c43852f-1cc5-4f15-943c-7ea9dfd00ac9,16,Jam,attack,8350,19000,-10650,1,1,11,4,7,enemies
match10.json,6c43852f-1cc5-4f15-943c-7ea9dfd00ac9,17,Jam,attack,9000,20600,-11600,1,1,11,5,6,enemies
match10.json,6c43852f-1cc5-4f15-943c-7ea9dfd00ac9,18,Jam,attack,1250,30650,-29400,0,2,11,6,5,enemies
match10.json,6c43852f-1cc5-4f15-943c-7ea9dfd00ac9,19,Jam,attack,5550,28750,-23200,1,2,11,7,4,enemies
match10.json,6c43852f-1cc5-4f15-943c-7ea9dfd00ac9,20,Jam,attack,8800,31400,-22600,1,5,12,7,5,allies
match10.json,6c43852f-1cc5-4f15-943c-7ea9dfd00ac9,21,Jam,attack,11100,33750,-22650,2,3,12,8,4,enemies
match10.json,6c43852f-1cc5-4f15-943c-7ea9dfd00ac9,22,Jam,attack,14100,31750,-17650,1,1,12,9,3,enemies
match11.json,f406d88e-af4c-4b6f-9f87-7003968ee2dc,1,Juliett,attack,0,0,0,0,0,0,0,0,
match11.json,f406d88e-af4c-4b6f-9f87-7003968ee2dc,2,Juliett,attack,12000,4000,8000,0,0,1,0,1,allies
match11.json,f406d88e-af4c-4b6f-9f87-7003968ee2dc,3,Juliett,attack,17400,10850,6550,0,0,1,1,0,enemies
match11.json,f406d88e-af4c-4b6f-9f87-7003968ee2dc,4,Juliett,attack,15950,20650,-4700,1,2,1,2,-1,enemies
match11.json,f406d88e-af4c-4b6f-9f87-7003968ee2dc,5,Juliett,attack,16100,22500,-6400,1,2,2,2,0,enemies
match11.json,f406d88e-af4c-4b6f-9f87-7003968ee2dc,6,Juliett,attack,14100,15800,-1700,1,0,2,3,-1,enemies
match11.json,f406d88e-af4c-4b6f-9f87-7003968ee2dc,7,Juliett,attack,27400,20650,6750,4,0,3,3,0,allies
match11.json,f406d88e-af4c-4b6f-9f87-7003968ee2dc,8,Juliett,attack,26950,20350,6600,3,0,4,3,1,allies
match11.json,f406d88e-af4c-4b6f-9f87-7003968ee2dc,9,Juliett,attack,15250,17300,-2050,2,2,4,4,0,enemies
match11.json,f406d88e-af4c-4b6f-9f87-7003968ee2dc,10,Juliett,attack,13450,18600,-5150,2,1,5,4,1,enemies
match11.json,f406d88e-af4c-4b6f-9f87-7003968ee2dc,11,Juliett,attack,26450,20500,5950,1,1,6,4,2,enemies
match11.json,f406d88e-af4c-4b6f-9f87-7003968ee2dc,12,Juliett,attack,29800,15750,14050,1,3,6,5,1,allies
match11.json,f406d88e-af4c-4b6f-9f87-7003968ee2dc,13,Juliett,defense,16600,11900,4700,0,0,7,5,2,allies
match11.json,f406d88e-af4c-4b6f-9f87-7003968ee2dc,14,Juliett,defense,4000,2700,1300,0,0,7,6,1,enemies
match11.json,f406d88e-af4c-4b6f-9f87-7003968ee2dc,15,Juliett,defense,16550,17150,-600,0,0,7,7,0,enemies
match11.json,f406d88e-af4c-4b6f-9f87-7003968ee2dc,16,Juliett,defense,17850,18050,-200,1,1,7,8,-1,allies
match11.json,f406d88e-af4c-4b6f-9f87-7003968ee2dc,17,Juliett,defense,26250,4500,21750,1,3,7,9,-2,enemies
match11.json,f406d88e-af4c-4b6f-9f87-7003968ee2dc,18,Juliett,defense,32250,19500,12750,1,2,7,10,-3,allies
match11.json,f406d88e-af4c-4b6f-9f87-7003968ee2dc,19,Juliett,defense,39300,15850,23450,2,3,8,10,-2,allies
match11.json,f406d88e-af4c-4b6f-9f87-7003968ee2dc,20,Juliett,defense,38450,9750,28700,2,2,8,11,-3,enemies
match11.json,f406d88e-af4c-4b6f-9f87-7003968ee2dc,21,Juliett,defense,34900,15150,19750,2,3,9,11,-2,allies
match11.json,f406d88e-af4c-4b6f-9f87-7003968ee2dc,22,Juliett,defense,24350,16000,8350,0,1,10,11,-1,allies
match11.json,f406d88e-af4c-4b6f-9f87-7003968ee2dc,23,Juliett,defense,20850,21050,-200,0,1,10,12,-2,
match11.json,f406d88e-af4c-4b6f-9f87-7003968ee2dc,24,Juliett,defense,19750,21950,-2200,2,1,11,12,-1,allies
match11.json,f406d88e-af4c-4b6f-9f87-7003968ee2dc,25,Juliett,defense,17700,16600,1100,2,1,12,12,0,allies
match11.json,f406d88e-af4c-4b6f-9f87-7003968ee2dc,26,Juliett,defense,25000,3400,21600,1,2,13,12,1,allies
match12.json,47f642b6-90c1-42a7-92a7-ce0cf3ef2808,1,Plummet,attack,0,0,0,0,0,0,0,0,
match12.json,47f642b6-90c1-42a7-92a7-ce0cf3ef2808,2,Plummet,attack,8650,4000,4650,0,0,1,0,1,allies
match12.json,47f642b6-90c1-42a7-92a7-ce0cf3ef2808,3,Plummet,attack,24650,11650,13000,0,0,2,0,2,allies
match12.json,47f642b6-90c1-42a7-92a7-ce0cf3ef2808,4,Plummet,attack,24450,13900,10550,0,1,2,1,1,enemies
match12.json,47f642b6-90c1-42a7-92a7-ce0cf3ef2808,5,Plummet,attack,19100,16950,2150,2,2,3,1,2,allies
match12.json,47f642b6-90c1-42a7-92a7-ce0cf3ef2808,6,Plummet,attack,25550,15850,9700,4,4,4,1,3,allies
match12.json,47f642b6-90c1-42a7-92a7-ce0cf3ef2808,7,Plummet,attack,28950,17350,11600,3,4,5,1,4,allies
match12.json,47f642b6-90c1-42a7-92a7-ce0cf3ef2808,8,Plummet,attack,22050,17150,4900,2,3,5,2,3,
match12.json,47f642b6-90c1-42a7-92a7-ce0cf3ef2808,9,Plummet,attack,17350,17550,-200,2,2,5,3,2,enemies
match12.json,47f642b6-90c1-42a7-92a7-ce0cf3ef2808,10,Plummet,attack,18600,22400,-3800,2,3,6,3,3,allies
match12.json,47f642b6-90c1-42a7-92a7-ce0cf3ef2808,11,Plummet,attack,22000,18600,3400,3,1,7,3,4,allies
match12.json,47f642b6-90c1-42a7-92a7-ce0cf3ef2808,12,Plummet,attack,35500,15050,20450,4,1,8,3,5,allies
match12.json,47f642b6-90c1-42a7-92a7-ce0cf3ef2808,13,Plummet,defense,16750,21900,-5150,0,3,8,4,4,enemies
match12.json,47f642b6-90c1-42a7-92a7-ce0cf3ef2808,14,Plummet,defense,4000,700,3300,0,0,8,5,3,
match12.json,47f642b6-90c1-42a7-92a7-ce0cf3ef2808,15,Plummet,defense,18600,13250,5350,2,0,8,6,2,enemies
match12.json,47f642b6-90c1-42a7-92a7-ce0cf3ef2808,16,Plummet,defense,20500,12050,8450,1,0,9,6,3,allies
match12.json,47f642b6-90c1-42a7-92a7-ce0cf3ef2808,17,Plummet,defense,12500,14600,-2100,2,1,10,6,4,allies
match12.json,47f642b6-90c1-42a7-92a7-ce0cf3ef2808,18,Plummet,defense,15550,20050,-4500,1,2,11,6,5,allies
match12.json,47f642b6-90c1-42a7-92a7-ce0cf3ef2808,19,Plummet,defense,21800,10850,10950,2,0,11,7,4,enemies
match12.json,47f642b6-90c1-42a7-92a7-ce0cf3ef2808,20,Plummet,defense,17450,5250,12200,2,1,12,7,5,allies
match13.json,e0c75bdc-90cd-4de4-9ecd-490992706532,1,Triad,defense,0,0,0,0,0,0,0,0,
match13.json,e0c75bdc-90cd-4de4-9ecd-490992706532,2,Triad,defense,4000,14200,-10200,0,0,1,0,1,allies
match13.json,e0c75bdc-90cd-4de4-9ecd-490992706532,3,Triad,defense,11450,16800,-5350,0,0,2,0,2,allies
match13.json,e0c75bdc-90cd-4de4-9ecd-490992706532,4,Triad,defense,16700,22450,-5750,1,1,2,1,1,enemies
match13.json,e0c75bdc-90cd-4de4-9ecd-490992706532,5,Triad,defense,18500,19500,-1000,2,3,3,1,2,allies
match13.json,e0c75bdc-90cd-4de4-9ecd-490992706532,6,Triad,defense,18200,26300,-8100,4,4,4,1,3,allies
match13.json,e0c75bdc-90cd-4de4-9ecd-490992706532,7,Triad,defense,16200,26600,-10400,3,3,5,1,4,allies
match13.json,e0c75bdc-90cd-4de4-9ecd-490992706532,8,Triad,defense,19150,32850,-13700,4,2,6,1,5,
match13.json,e0c75bdc-90cd-4de4-9ecd-490992706532,9,Triad,defense,17950,34650,-16700,5,2,7,1,6,allies
match13.json,e0c75bdc-90cd-4de4-9ecd-490992706532,10,Triad,defense,16700,37750,-21050,5,3,8,1,7,allies
match13.json,e0c75bdc-90cd-4de4-9ecd-490992706532,11,Triad,defense,18400,35550,-17150,4,1,8,2,6,enemies
match13.json,e0c75bdc-90cd-4de4-9ecd-490992706532,12,Triad,defense,18900,13650,5250,3,1,8,3,5,enemies
match13.json,e0c75bdc-90cd-4de4-9ecd-490992706532,13,Triad,attack,3700,21800,-18100,0,2,9,3,6,allies
match13.json,e0c75bdc-90cd-4de4-9ecd-490992706532,14,Triad,attack,3200,4000,-800,0,0,9,4,5,enemies
match13.json,e0c75bdc-90cd-4de4-9ecd-490992706532,15,Triad,attack,18200,16150,2050,1,0,10,4,6,allies
match13.json,e0c75bdc-90cd-4de4-9ecd-490992706532,16,Triad,attack,11700,13100,-1400,1,0,10,5,5,enemies
match13.json,e0c75bdc-90cd-4de4-9ecd-490992706532,17,Triad,attack,19700,16850,2850,1,2,11,5,6,allies
match13.json,e0c75bdc-90cd-4de4-9ecd-490992706532,18,Triad,attack,19300,17350,1950,4,3,12,5,7,allies
match14.json,6446e6aa-c3df-4d9b-bc2d-8cb850b26159,1,Bonsai,defense,0,0,0,0,0,0,0,0,allies
match14.json,6446e6aa-c3df-4d9b-bc2d-8cb850b26159,2,Bonsai,defense,4000,17150,-13150,0,0,1,0,1,allies
match14.json,6446e6aa-c3df-4d9b-bc2d-8cb850b26159,3,Bonsai,defense,10700,22250,-11550,0,0,2,0,2,enemies
match14.json,6446e6aa-c3df-4d9b-bc2d-8cb850b26159,4,Bonsai,defense,17050,21750,-4700,0,0,3,0,3,enemies
match14.json,6446e6aa-c3df-4d9b-bc2d-8cb850b26159,5,Bonsai,defense,17550,12700,4850,2,1,3,1,2,enemies
match14.json,6446e6aa-c3df-4d9b-bc2d-8cb850b26159,6,Bonsai,defense,22400,19650,2750,1,1,4,1,3,enemies
match14.json,6446e6aa-c3df-4d9b-bc2d-8cb850b26159,7,Bonsai,defense,30000,15150,14850,2,1,4,2,2,enemies
match14.json,6446e6aa-c3df-4d9b-bc2d-8cb850b26159,8,Bonsai,defense,26950,7550,19400,2,2,4,3,1,allies
match14.json,6446e6aa-c3df-4d9b-bc2d-8cb850b26159,9,Bonsai,defense,0,17200,-17200,2,2,5,3,2,enemies
match14.json,6446e6aa-c3df-4d9b-bc2d-8cb850b26159,10,Bonsai,defense,22800,19450,3350,2,1,6,3,3,enemies
match14.json,6446e6aa-c3df-4d9b-bc2d-8cb850b26159,11,Bonsai,defense,18350,16550,1800,1,2,6,4,2,allies
match14.json,6446e6aa-c3df-4d9b-bc2d-8cb850b26159,12,Bonsai,defense,21200,12100,9100,1,0,7,4,3,allies
match14.json,6446e6aa-c3df-4d9b-bc2d-8cb850b26159,13,Bonsai,attack,4700,14400,-9700,0,1,8,4,4,enemies
match14.json,6446e6aa-c3df-4d9b-bc2d-8cb850b26159,14,Bonsai,attack,9500,4000,5500,0,0,8,5,3,allies
match14.json,6446e6aa-c3df-4d9b-bc2d-8cb850b26159,15,Bonsai,attack,13050,16350,-3300,0,0,8,6,2,allies
match14.json,6446e6aa-c3df-4d9b-bc2d-8cb850b26159,16,Bonsai,attack,14350,17100,-2750,0,0,9,6,3,allies
match14.json,6446e6aa-c3df-4d9b-bc2d-8cb850b26159,17,Bonsai,attack,18400,19000,-600,1,1,10,6,4,allies
match14.json,6446e6aa-c3df-4d9b-bc2d-8cb850b26159,18,Bonsai,attack,29700,14950,14750,1,1,11,6,5,enemies
match14.json,6446e6aa-c3df-4d9b-bc2d-8cb850b26159,19,Bonsai,attack,32550,15750,16800,2,3,12,6,6,enemies
match14.json,6446e6aa-c3df-4d9b-bc2d-8cb850b26159,20,Bonsai,defense,27950,12450,15500,3,2,8,11,-3,allies
match14.json,6446e6aa-c3df-4d9b-bc2d-8cb850b26159,21,Bonsai,defense,28800,17800,11000,1,1,9,11,-2,allies
match14.json,6446e6aa-c3df-4d9b-bc2d-8cb850b26159,22,Bonsai,defense,24200,12450,11750,2,2,9,12,-3,allies
match14.json,6446e6aa-c3df-4d9b-bc2d-8cb850b26159,23,Bonsai,defense,23850,16850,7000,2,1,10,12,-2,
match14.json,6446e6aa-c3df-4d9b-bc2d-8cb850b26159,24,Bonsai,defense,25700,23450,2250,4,0,11,12,-1,allies
match15.json,e755e21c-1637-48f9-b78f-d0880e4973eb,1,Bonsai,defense,0,0,0,0,0,0,0,0,
match15.json,e755e21c-1637-48f9-b78f-d0880e4973eb,2,Bonsai,defense,50,8700,-8650,0,0,0,1,-1,enemies
match15.json,e755e21c-1637-48f9-b78f-d0880e4973eb,3,Bonsai,defense,16500,8650,7850,0,0,0,2,-2,allies
match15.json,e755e21c-1637-48f9-b78f-d0880e4973eb,4,Bonsai,defense,18700,18250,450,0,0,1,2,-1,
match15.json,e755e21c-1637-48f9-b78f-d0880e4973eb,6,Bonsai,defense,18850,18350,500,2,2,2,3,-1,allies
match15.json,e755e21c-1637-48f9-b78f-d0880e4973eb,7,Bonsai,defense,16400,11900,4500,1,3,2,4,-2,enemies
match15.json,e755e21c-1637-48f9-b78f-d0880e4973eb,8,Bonsai,defense,18400,10650,7750,2,3,3,4,-1,allies
match15.json,e755e21c-1637-48f9-b78f-d0880e4973eb,9,Bonsai,defense,16150,21900,-5750,2,2,4,4,0,allies
match15.json,e755e21c-1637-48f9-b78f-d0880e4973eb,10,Bonsai,defense,16200,22700,-6500,4,2,5,4,1,allies
match15.json,e755e21c-1637-48f9-b78f-d0880e4973eb,11,Bonsai,defense,16900,27750,-10850,2,2,6,4,2,allies
match15.json,e755e21c-1637-48f9-b78f-d0880e4973eb,12,Bonsai,defense,20450,33300,-12850,2,1,7,4,3,allies
match15.json,e755e21c-1637-48f9-b78f-d0880e4973eb,13,Bonsai,attack,23900,17000,6900,1,1,8,4,4,allies
match15.json,e755e21c-1637-48f9-b78f-d0880e4973eb,14,Bonsai,attack,8350,4000,4350,0,0,8,5,3,enemies
match15.json,e755e21c-1637-48f9-b78f-d0880e4973eb,15,Bonsai,attack,18400,16600,1800,0,0,8,6,2,enemies
match15.json,e755e21c-1637-48f9-b78f-d0880e4973eb,16,Bonsai,attack,10350,18900,-8550,0,0,8,7,1,enemies
match15.json,e755e21c-1637-48f9-b78f-d0880e4973eb,17,Bonsai,attack,18750,19950,-1200,1,0,9,7,2,allies
match15.json,e755e21c-1637-48f9-b78f-d0880e4973eb,18,Bonsai,attack,19900,0,19900,3,0,10,7,3,allies
match15.json,e755e21c-1637-48f9-b78f-d0880e4973eb,19,Bonsai,attack,37400,18850,18550,3,2,10,8,2,
match15.json,e755e21c-1637-48f9-b78f-d0880e4973eb,20,Bonsai,attack,24400,20000,4400,3,3,10,9,1,enemies
match15.json,e755e21c-1637-48f9-b78f-d0880e4973eb,21,Bonsai,attack,31400,26200,5200,3,3,11,9,2,allies
match15.json,e755e21c-1637-48f9-b78f-d0880e4973eb,22,Bonsai,attack,25950,19750,6200,3,2,11,10,1,enemies
match15.json,e755e21c-1637-48f9-b78f-d0880e4973eb,23,Bonsai,attack,18050,17700,350,4,3,11,11,0,enemies
match15.json,e755e21c-1637-48f9-b78f-d0880e4973eb,24,Bonsai,attack,15100,12750,2350,3,2,11,12,-1,enemies
match15.json,e755e21c-1637-48f9-b78f-d0880e4973eb,25,Bonsai,defense,25000,12300,12700,2,1,12,12,0,allies
match15.json,e755e21c-1637-48f9-b78f-d0880e4973eb,26,Bonsai,defense,0,9700,-9700,0,1,12,13,-1,enemies
match16.json,23cfbaca-991e-4e51-873e-41aed712507b,1,Foxtrot,defense,0,0,0,0,0,0,0,0,enemies
match16.json,23cfbaca-991e-4e51-873e-41aed712507b,2,Foxtrot,defense,4000,11300,-7300,0,0,0,1,-1,
match16.json,23cfbaca-991e-4e51-873e-41aed712507b,3,Ascent,defense,15500,6050,9450,0,0,0,2,-2,enemies
match16.json,23cfbaca-991e-4e51-873e-41aed712507b,4,Ascent,defense,20350,15350,5000,0,0,1,2,-1,allies
match16.json,23cfbaca-991e-4e51-873e-41aed712507b,5,Ascent,defense,11300,23500,-12200,2,1,2,2,0,allies
match16.json,23cfbaca-991e-4e51-873e-41aed712507b,6,Ascent,defense,19800,26850,-7050,3,1,3,2,1,allies
match16.json,23cfbaca-991e-4e51-873e-41aed712507b,7,Ascent,defense,18600,24800,-6200,3,1,3,3,0,enemies
match16.json,23cfbaca-991e-4e51-873e-41aed712507b,8,Ascent,defense,19200,22150,-2950,3,1,4,3,1,allies
match16.json,23cfbaca-991e-4e51-873e-41aed712507b,9,Ascent,defense,21950,30600,-8650,3,2,5,3,2,allies
match16.json,23cfbaca-991e-4e51-873e-41aed712507b,10,Ascent,defense,17250,24850,-7600,3,2,6,3,3,allies
match16.json,23cfbaca-991e-4e51-873e-41aed712507b,11,Ascent,defense,18950,25700,-6750,3,2,6,4,2,enemies
match16.json,23cfbaca-991e-4e51-873e-41aed712507b,12,Ascent,defense,19500,19300,200,3,2,6,5,1,enemies
match16.json,23cfbaca-991e-4e51-873e-41aed712507b,13,Ascent,attack,4000,21800,-17800,0,0,7,5,2,allies
match16.json,23cfbaca-991e-4e51-873e-41aed712507b,14,Ascent,attack,8350,4000,4350,0,0,8,5,3,allies
match16.json,23cfbaca-991e-4e51-873e-41aed712507b,15,Ascent,attack,17950,10450,7500,0,0,9,5,4,allies
match16.json,23cfbaca-991e-4e51-873e-41aed712507b,16,Ascent,attack,17150,15800,1350,1,1,10,5,5,allies
match16.json,23cfbaca-991e-4e51-873e-41aed712507b,17,Ascent,attack,23750,17100,6650,2,1,11,5,6,allies
match16.json,23cfbaca-991e-4e51-873e-41aed712507b,18,Ascent,attack,22200,16950,5250,3,1,12,5,7,allies
match16.json,23cfbaca-991e-4e51-873e-41aed712507b,19,Ascent,attack,15400,19650,-4250,2,2,12,6,6,enemies
match17.json,45efecf5-5f1d-4258-b275-04995a2016ec,1,Juliett,attack,0,0,0,0,0,0,0,0,
match17.json,45efecf5-5f1d-4258-b275-04995a2016ec,2,Juliett,attack,2400,4000,-1600,0,0,0,1,-1,enemies
match17.json,45efecf5-5f1d-4258-b275-04995a2016ec,3,Juliett,attack,10000,16500,-6500,1,0,0,2,-2,enemies
match17.json,45efecf5-5f1d-4258-b275-04995a2016ec,4,Juliett,attack,17650,21300,-3650,1,1,1,2,-1,allies
match17.json,45efecf5-5f1d-4258-b275-04995a2016ec,5,Juliett,attack,18300,18650,-350,2,2,2,2,0,allies
match17.json,45efecf5-5f1d-4258-b275-04995a2016ec,6,Juliett,attack,29650,21900,7750,3,3,3,2,1,allies
match17.json,45efecf5-5f1d-4258-b275-04995a2016ec,7,Juliett,attack,35150,18700,16450,0,4,4,2,2,allies
match17.json,45efecf5-5f1d-4258-b275-04995a2016ec,8,Juliett,attack,27650,17200,10450,1,4,5,2,3,allies
match17.json,45efecf5-5f1d-4258-b275-04995a2016ec,9,Juliett,attack,25800,16400,9400,1,3,5,3,2,enemies
match17.json,45efecf5-5f1d-4258-b275-04995a2016ec,10,Juliett,attack,16050,19400,-3350,3,2,5,4,1,enemies
match17.json,45efecf5-5f1d-4258-b275-04995a2016ec,11,Juliett,attack,5150,26100,-20950,2,2,5,5,0,enemies
match17.json,45efecf5-5f1d-4258-b275-04995a2016ec,12,Juliett,attack,16400,28850,-12450,3,2,6,5,1,allies
match17.json,45efecf5-5f1d-4258-b275-04995a2016ec,13,Juliett,defense,31950,10350,21600,3,1,7,5,2,allies
match17.json,45efecf5-5f1d-4258-b275-04995a2016ec,14,Juliett,defense,4000,13700,-9700,0,0,8,5,3,allies
match17.json,45efecf5-5f1d-4258-b275-04995a2016ec,15,Juliett,defense,10200,13150,-2950,0,0,9,5,4,allies
match17.json,45efecf5-5f1d-4258-b275-04995a2016ec,16,Juliett,defense,16200,21500,-5300,1,1,10,5,5,allies
match17.json,45efecf5-5f1d-4258-b275-04995a2016ec,17,Juliett,defense,20000,9650,10350,2,1,10,6,4,enemies
match17.json,45efecf5-5f1d-4258-b275-04995a2016ec,18,Juliett,defense,22050,5150,16900,2,1,10,7,3,enemies
match17.json,45efecf5-5f1d-4258-b275-04995a2016ec,19,Juliett,defense,25950,14050,11900,1,1,10,8,2,enemies
match17.json,45efecf5-5f1d-4258-b275-04995a2016ec,20,Juliett,defense,29450,19800,9650,2,1,10,9,1,
match17.json,45efecf5-5f1d-4258-b275-04995a2016ec,21,Juliett,defense,33750,10850,22900,2,1,11,9,2,allies
match17.json,45efecf5-5f1d-4258-b275-04995a2016ec,22,Juliett,defense,31950,18300,13650,2,3,12,9,3,allies
match2.json,70a3da90-f3a6-47f3-8b22-e93f44845b16,1,Triad,defense,0,0,0,0,0,0,0,0,allies
match2.json,70a3da90-f3a6-47f3-8b22-e93f44845b16,2,Triad,defense,4000,7700,-3700,0,0,1,0,1,allies
match2.json,70a3da90-f3a6-47f3-8b22-e93f44845b16,3,Triad,defense,12750,23250,-10500,0,0,2,0,2,enemies
match2.json,70a3da90-f3a6-47f3-8b22-e93f44845b16,4,Triad,defense,5350,29750,-24400,0,0,3,0,3,allies
match2.json,70a3da90-f3a6-47f3-8b22-e93f44845b16,5,Triad,defense,6400,28000,-21600,1,1,3,1,2,enemies
match2.json,70a3da90-f3a6-47f3-8b22-e93f44845b16,6,Triad,defense,9150,28050,-18900,4,1,3,2,1,enemies
match2.json,70a3da90-f3a6-47f3-8b22-e93f44845b16,7,Triad,defense,11300,17800,-6500,4,1,3,3,0,enemies
match2.json,70a3da90-f3a6-47f3-8b22-e93f44845b16,8,Triad,defense,14150,26700,-12550,2,1,4,3,1,enemies
match2.json,70a3da90-f3a6-47f3-8b22-e93f44845b16,9,Triad,defense,8700,24050,-15350,1,1,5,3,2,enemies
match2.json,70a3da90-f3a6-47f3-8b22-e93f44845b16,10,Triad,defense,5800,29450,-23650,1,1,6,3,3,allies
match2.json,70a3da90-f3a6-47f3-8b22-e93f44845b16,11,Triad,defense,4200,26400,-22200,1,2,6,4,2,enemies
match2.json,70a3da90-f3a6-47f3-8b22-e93f44845b16,12,Triad,defense,9600,19300,-9700,2,1,6,5,1,enemies
match2.json,70a3da90-f3a6-47f3-8b22-e93f44845b16,13,Triad,attack,13950,10150,3800,1,2,7,5,2,enemies
match2.json,70a3da90-f3a6-47f3-8b22-e93f44845b16,14,Triad,attack,23500,3550,19950,0,0,8,5,3,enemies
match2.json,70a3da90-f3a6-47f3-8b22-e93f44845b16,15,Triad,attack,31250,3750,27500,0,0,9,5,4,enemies
match2.json,70a3da90-f3a6-47f3-8b22-e93f44845b16,16,Triad,attack,33050,3750,29300,1,0,9,6,3,enemies
match2.json,70a3da90-f3a6-47f3-8b22-e93f44845b16,17,Triad,attack,31150,9850,21300,2,1,10,6,4,allies
match2.json,70a3da90-f3a6-47f3-8b22-e93f44845b16,18,Triad,attack,26500,5200,21300,1,1,10,7,3,enemies
match2.json,70a3da90-f3a6-47f3-8b22-e93f44845b16,19,Triad,attack,24000,6300,17700,0,2,11,7,4,allies
match2.json,70a3da90-f3a6-47f3-8b22-e93f44845b16,20,Triad,attack,26250,4550,21700,1,1,12,7,5,allies
match3.json,3b12dd4c-f35d-45f7-8b4e-feaaf776e9c6,1,Jam,attack,0,0,0,0,0,0,0,0,
match3.json,3b12dd4c-f35d-45f7-8b4e-feaaf776e9c6,2,Jam,attack,10100,4000,6100,0,0,0,1,-1,enemies
match3.json,3b12dd4c-f35d-45f7-8b4e-feaaf776e9c6,3,Jam,attack,14350,16400,-2050,0,0,0,2,-2,enemies
match3.json,3b12dd4c-f35d-45f7-8b4e-feaaf776e9c6,4,Jam,attack,16400,20750,-4350,2,2,0,3,-3,enemies
match3.json,3b12dd4c-f35d-45f7-8b4e-feaaf776e9c6,5,Jam,attack,20600,27750,-7150,0,1,1,3,-2,allies
match3.json,3b12dd4c-f35d-45f7-8b4e-feaaf776e9c6,6,Jam,attack,19000,23200,-4200,2,1,2,3,-1,allies
match3.json,3b12dd4c-f35d-45f7-8b4e-feaaf776e9c6,7,Jam,attack,25650,20400,5250,3,3,3,3,0,allies
match3.json,3b12dd4c-f35d-45f7-8b4e-feaaf776e9c6,8,Jam,attack,12300,17000,-4700,1,1,3,4,-1,enemies
match3.json,3b12dd4c-f35d-45f7-8b4e-feaaf776e9c6,9,Jam,attack,13250,17650,-4400,1,2,3,5,-2,enemies
match3.json,3b12dd4c-f35d-45f7-8b4e-feaaf776e9c6,10,Jam,attack,13100,24250,-11150,1,1,4,5,-1,allies
match3.json,3b12dd4c-f35d-45f7-8b4e-feaaf776e9c6,11,Jam,attack,15000,18950,-3950,2,2,5,5,0,allies
match3.json,3b12dd4c-f35d-45f7-8b4e-feaaf776e9c6,12,Jam,attack,29100,16200,12900,3,2,6,5,1,allies
match3.json,3b12dd4c-f35d-45f7-8b4e-feaaf776e9c6,13,Jam,defense,16200,13400,2800,1,1,7,5,2,allies
match3.json,3b12dd4c-f35d-45f7-8b4e-feaaf776e9c6,14,Jam,defense,6350,13800,-7450,0,0,8,5,3,allies
match3.json,3b12dd4c-f35d-45f7-8b4e-feaaf776e9c6,15,Jam,defense,12400,13450,-1050,0,0,8,6,2,enemies
match3.json,3b12dd4c-f35d-45f7-8b4e-feaaf776e9c6,16,Jam,defense,17750,13250,4500,0,1,8,7,1,enemies
match3.json,3b12dd4c-f35d-45f7-8b4e-feaaf776e9c6,17,Jam,defense,19150,10100,9050,0,3,8,8,0,enemies
match3.json,3b12dd4c-f35d-45f7-8b4e-feaaf776e9c6,18,Jam,defense,24900,12950,11950,1,1,9,8,1,allies
match3.json,3b12dd4c-f35d-45f7-8b4e-feaaf776e9c6,19,Jam,defense,19200,16900,2300,1,2,9,9,0,enemies
match3.json,3b12dd4c-f35d-45f7-8b4e-feaaf776e9c6,20,Jam,defense,18450,5650,12800,1,0,9,10,-1,enemies
match3.json,3b12dd4c-f35d-45f7-8b4e-feaaf776e9c6,21,Jam,defense,22750,15700,7050,1,1,9,11,-2,enemies
match3.json,3b12dd4c-f35d-45f7-8b4e-feaaf776e9c6,22,Jam,defense,19350,13500,5850,0,2,9,12,-3,enemies
match3.json,3b12dd4c-f35d-45f7-8b4e-feaaf776e9c6,23,Jam,defense,20300,9000,11300,0,2,10,12,-2,allies
match4.json,edd60c2e-b33c-412d-9b52-39f9946823e0,1,Canyon,defense,0,0,0,0,0,0,0,0,enemies
match4.json,edd60c2e-b33c-412d-9b52-39f9946823e0,2,Canyon,defense,4000,13000,-9000,0,0,1,0,1,allies
match4.json,edd60c2e-b33c-412d-9b52-39f9946823e0,3,Canyon,defense,12250,6400,5850,0,0,1,1,0,allies
match4.json,edd60c2e-b33c-412d-9b52-39f9946823e0,4,Canyon,defense,20450,14850,5600,1,1,1,2,-1,allies
match4.json,edd60c2e-b33c-412d-9b52-39f9946823e0,5,Canyon,defense,24150,13250,10900,2,2,2,2,0,allies
match4.json,edd60c2e-b33c-412d-9b52-39f9946823e0,6,Canyon,defense,27350,12650,14700,2,4,2,3,-1,enemies
match4.json,edd60c2e-b33c-412d-9b52-39f9946823e0,7,Canyon,defense,27450,13400,14050,2,4,2,4,-2,allies
match4.json,edd60c2e-b33c-412d-9b52-39f9946823e0,8,Canyon,defense,35250,11250,24000,1,4,2,5,-3,enemies
match4.json,edd60c2e-b33c-412d-9b52-39f9946823e0,9,Canyon,defense,40350,17850,22500,1,3,2,6,-4,enemies
match4.json,edd60c2e-b33c-412d-9b52-39f9946823e0,10,Canyon,defense,42600,7050,35550,1,3,2,7,-5,allies
match4.json,edd60c2e-b33c-412d-9b52-39f9946823e0,11,Canyon,defense,44300,12050,32250,1,2,3,7,-4,allies
match4.json,edd60c2e-b33c-412d-9b52-39f9946823e0,12,Canyon,defense,43350,19650,23700,1,3,4,7,-3,enemies
match4.json,edd60c2e-b33c-412d-9b52-39f9946823e0,13,Canyon,attack,3200,34450,-31250,2,1,4,8,-4,enemies
match4.json,edd60c2e-b33c-412d-9b52-39f9946823e0,14,Canyon,attack,6100,4000,2100,0,0,4,9,-5,enemies
match4.json,edd60c2e-b33c-412d-9b52-39f9946823e0,15,Canyon,attack,13450,16800,-3350,0,0,4,10,-6,allies
match4.json,edd60c2e-b33c-412d-9b52-39f9946823e0,16,Canyon,attack,17450,17800,-350,0,0,4,11,-7,allies
match4.json,edd60c2e-b33c-412d-9b52-39f9946823e0,17,Canyon,attack,14050,27100,-13050,2,0,5,11,-6,allies
match4.json,edd60c2e-b33c-412d-9b52-39f9946823e0,18,Canyon,attack,18200,19350,-1150,4,1,6,11,-5,enemies
match4.json,edd60c2e-b33c-412d-9b52-39f9946823e0,19,Canyon,attack,16550,18350,-1800,3,2,6,12,-6,enemies
match4.json,edd60c2e-b33c-412d-9b52-39f9946823e0,20,Pitt,defense,23850,6750,17100,0,1,10,9,1,enemies
match4.json,edd60c2e-b33c-412d-9b52-39f9946823e0,21,Pitt,defense,21400,11650,9750,1,2,11,9,2,allies
match4.json,edd60c2e-b33c-412d-9b52-39f9946823e0,22,Pitt,defense,21700,5300,16400,3,1,11,10,1,enemies
match4.json,edd60c2e-b33c-412d-9b52-39f9946823e0,23,Pitt,defense,20500,12900,7600,2,1,11,11,0,enemies
match4.json,edd60c2e-b33c-412d-9b52-39f9946823e0,24,Pitt,defense,22700,3450,19250,1,0,11,12,-1,
match5.json,8e406152-59c4-4706-a6a3-b9ba7248c4a5,1,Ascent,attack,0,0,0,0,0,0,0,0,
match5.json,8e406152-59c4-4706-a6a3-b9ba7248c4a5,2,Ascent,attack,1800,4000,-2200,0,0,0,1,-1,enemies
match5.json,8e406152-59c4-4706-a6a3-b9ba7248c4a5,3,Ascent,attack,15000,0,15000,0,0,0,2,-2,enemies
match5.json,8e406152-59c4-4706-a6a3-b9ba7248c4a5,4,Ascent,attack,7250,16650,-9400,1,0,0,3,-3,enemies
match5.json,8e406152-59c4-4706-a6a3-b9ba7248c4a5,5,Ascent,attack,7300,20050,-12750,2,1,0,4,-4,enemies
match5.json,8e406152-59c4-4706-a6a3-b9ba7248c4a5,6,Ascent,attack,25150,0,25150,4,3,0,5,-5,enemies
match5.json,8e406152-59c4-4706-a6a3-b9ba7248c4a5,7,Ascent,attack,21850,33000,-11150,2,3,0,6,-6,enemies
match5.json,8e406152-59c4-4706-a6a3-b9ba7248c4a5,8,Ascent,attack,28050,36900,-8850,3,1,1,6,-5,allies
match5.json,8e406152-59c4-4706-a6a3-b9ba7248c4a5,9,Ascent,attack,31200,31100,100,2,0,2,6,-4,allies
match5.json,8e406152-59c4-4706-a6a3-b9ba7248c4a5,10,Ascent,attack,35450,22550,12900,3,0,3,6,-3,allies
match5.json,8e406152-59c4-4706-a6a3-b9ba7248c4a5,11,Ascent,attack,37200,20700,16500,2,2,4,6,-2,allies
match5.json,8e406152-59c4-4706-a6a3-b9ba7248c4a5,12,Ascent,attack,31300,17200,14100,2,0,5,6,-1,allies
match5.json,8e406152-59c4-4706-a6a3-b9ba7248c4a5,13,Ascent,defense,15650,14050,1600,2,3,5,7,-2,enemies
match5.json,8e406152-59c4-4706-a6a3-b9ba7248c4a5,14,Ascent,defense,4000,14600,-10600,0,0,6,7,-1,allies
match5.json,8e406152-59c4-4706-a6a3-b9ba7248c4a5,15,Ascent,defense,10800,17650,-6850,0,0,7,7,0,allies
match5.json,8e406152-59c4-4706-a6a3-b9ba7248c4a5,16,Ascent,defense,12950,21900,-8950,1,1,8,7,1,allies
match5.json,8e406152-59c4-4706-a6a3-b9ba7248c4a5,17,Ascent,defense,18300,27150,-8850,0,2,9,7,2,
match5.json,8e406152-59c4-4706-a6a3-b9ba7248c4a5,18,Ascent,defense,15550,37750,-22200,0,1,10,7,3,allies
match5.json,8e406152-59c4-4706-a6a3-b9ba7248c4a5,19,Ascent,defense,17950,31250,-13300,2,1,10,8,2,enemies
match5.json,8e406152-59c4-4706-a6a3-b9ba7248c4a5,20,Ascent,defense,6300,22350,-16050,0,2,11,8,3,allies
match5.json,8e406152-59c4-4706-a6a3-b9ba7248c4a5,21,Ascent,defense,0,24400,-24400,2,3,11,9,2,
match6.json,c9f89e93-5539-49b1-84c0-3e813161dd3f,1,Juliett,defense,0,0,0,0,0,0,0,0,allies
match6.json,c9f89e93-5539-49b1-84c0-3e813161dd3f,2,Juliett,defense,4000,14000,-10000,0,0,1,0,1,allies
match6.json,c9f89e93-5539-49b1-84c0-3e813161dd3f,3,Juliett,defense,10950,5350,5600,0,0,1,1,0,allies
match6.json,c9f89e93-5539-49b1-84c0-3e813161dd3f,4,Juliett,defense,23750,19500,4250,2,0,1,2,-1,allies
match6.json,c9f89e93-5539-49b1-84c0-3e813161dd3f,5,Juliett,defense,24250,5500,18750,3,2,1,3,-2,allies
match6.json,c9f89e93-5539-49b1-84c0-3e813161dd3f,6,Juliett,defense,32450,4250,28200,3,2,1,4,-3,allies
match6.json,c9f89e93-5539-49b1-84c0-3e813161dd3f,7,Juliett,defense,28950,2800,26150,2,3,1,5,-4,allies
match6.json,c9f89e93-5539-49b1-84c0-3e813161dd3f,8,Juliett,defense,35800,3500,32300,2,3,1,6,-5,enemies
match6.json,c9f89e93-5539-49b1-84c0-3e813161dd3f,9,Juliett,defense,39350,9200,30150,4,3,1,7,-6,enemies
match6.json,c9f89e93-5539-49b1-84c0-3e813161dd3f,10,Juliett,defense,37250,1300,35950,2,4,1,8,-7,allies
match6.json,c9f89e93-5539-49b1-84c0-3e813161dd3f,11,Juliett,defense,42950,5150,37800,2,5,2,8,-6,allies
match6.json,c9f89e93-5539-49b1-84c0-3e813161dd3f,12,Juliett,defense,28400,6650,21750,3,4,2,9,-7,allies
match6.json,c9f89e93-5539-49b1-84c0-3e813161dd3f,13,Juliett,attack,5100,24700,-19600,4,2,2,10,-8,allies
match6.json,c9f89e93-5539-49b1-84c0-3e813161dd3f,14,Juliett,attack,5300,4000,1300,1,0,2,11,-9,allies
match6.json,c9f89e93-5539-49b1-84c0-3e813161dd3f,15,Juliett,attack,7850,16950,-9100,1,0,2,12,-10,allies
match6.json,c9f89e93-5539-49b1-84c0-3e813161dd3f,16,Juliett,attack,15500,19750,-4250,1,0,3,12,-9,allies
match6.json,c9f89e93-5539-49b1-84c0-3e813161dd3f,17,Bonsai,defense,17300,17700,-400,3,0,9,7,2,allies
match6.json,c9f89e93-5539-49b1-84c0-3e813161dd3f,18,Bonsai,defense,17700,20150,-2450,3,1,9,8,1,enemies
match6.json,c9f89e93-5539-49b1-84c0-3e813161dd3f,19,Bonsai,defense,20250,11800,8450,3,1,10,8,2,enemies
match6.json,c9f89e93-5539-49b1-84c0-3e813161dd3f,20,Bonsai,defense,20800,11850,8950,4,0,10,9,1,enemies
match6.json,c9f89e93-5539-49b1-84c0-3e813161dd3f,21,Bonsai,defense,29850,3800,26050,4,1,10,10,0,enemies
match6.json,c9f89e93-5539-49b1-84c0-3e813161dd3f,22,Bonsai,defense,34950,3000,31950,4,1,10,11,-1,enemies
match6.json,c9f89e93-5539-49b1-84c0-3e813161dd3f,23,Bonsai,defense,32250,8850,23400,3,0,10,12,-2,enemies
match7.json,382d326c-d576-4222-987c-91db5c4af224,1,Jam,defense,0,0,0,0,0,0,0,0,allies
match7.json,382d326c-d576-4222-987c-91db5c4af224,2,Jam,defense,4000,13400,-9400,0,0,1,0,1,allies
match7.json,382d326c-d576-4222-987c-91db5c4af224,3,Jam,defense,10550,22950,-12400,0,0,2,0,2,enemies
match7.json,382d326c-d576-4222-987c-91db5c4af224,4,Jam,defense,17450,18150,-700,0,0,2,1,1,enemies
match7.json,382d326c-d576-4222-987c-91db5c4af224,5,Jam,defense,18450,9650,8800,0,1,2,2,0,enemies
match7.json,382d326c-d576-4222-987c-91db5c4af224,6,Jam,defense,28700,14450,14250,1,2,3,2,1,enemies
match7.json,382d326c-d576-4222-987c-91db5c4af224,7,Jam,defense,20450,17350,3100,2,4,4,2,2,enemies
match7.json,382d326c-d576-4222-987c-91db5c4af224,8,Jam,defense,16250,29900,-13650,2,3,5,2,3,enemies
match7.json,382d326c-d576-4222-987c-91db5c4af224,9,Jam,defense,19100,36050,-16950,2,2,6,2,4,enemies
match7.json,382d326c-d576-4222-987c-91db5c4af224,10,Jam,defense,16150,40750,-24600,2,1,7,2,5,allies
match7.json,382d326c-d576-4222-987c-91db5c4af224,11,Jam,defense,19200,41000,-21800,2,1,8,2,6,
match7.json,382d326c-d576-4222-987c-91db5c4af224,12,Jam,defense,16350,36400,-20050,4,2,9,2,7,allies
match7.json,382d326c-d576-4222-987c-91db5c4af224,13,Jam,attack,26600,15250,11350,3,3,10,2,8,allies
match7.json,382d326c-d576-4222-987c-91db5c4af224,14,Jam,attack,16250,4000,12250,1,0,11,2,9,enemies
match7.json,382d326c-d576-4222-987c-91db5c4af224,15,Jam,attack,19350,10950,8400,1,0,12,2,10,enemies
match7.json,382d326c-d576-4222-987c-91db5c4af224,16,Jam,attack,16050,16900,-850,3,0,12,3,9,enemies
match7.json,382d326c-d576-4222-987c-91db5c4af224,17,Bonsai,attack,1450,21600,-20150,3,2,4,12,-8,enemies
match8.json,38b38177-6cce-4165-9c2d-47f96eb23ccf,1,Ascent,attack,0,0,0,0,0,0,0,0,allies
match8.json,38b38177-6cce-4165-9c2d-47f96eb23ccf,2,Ascent,attack,11700,4000,7700,0,0,1,0,1,allies
match8.json,38b38177-6cce-4165-9c2d-47f96eb23ccf,3,Ascent,attack,20200,10800,9400,0,0,2,0,2,enemies
match8.json,38b38177-6cce-4165-9c2d-47f96eb23ccf,4,Ascent,attack,15150,13000,2150,2,1,2,1,1,allies
match8.json,38b38177-6cce-4165-9c2d-47f96eb23ccf,5,Ascent,attack,20050,16650,3400,2,0,2,2,0,enemies
match8.json,38b38177-6cce-4165-9c2d-47f96eb23ccf,6,Ascent,attack,5400,27650,-22250,2,2,2,3,-1,allies
match8.json,38b38177-6cce-4165-9c2d-47f96eb23ccf,7,Ascent,attack,14800,32900,-18100,3,3,2,4,-2,allies
match8.json,38b38177-6cce-4165-9c2d-47f96eb23ccf,8,Ascent,attack,9000,36750,-27750,4,4,2,5,-3,allies
match8.json,38b38177-6cce-4165-9c2d-47f96eb23ccf,9,Ascent,attack,19250,39900,-20650,3,2,2,6,-4,allies
match8.json,38b38177-6cce-4165-9c2d-47f96eb23ccf,10,Ascent,attack,12700,42900,-30200,2,2,3,6,-3,allies
match8.json,38b38177-6cce-4165-9c2d-47f96eb23ccf,11,Ascent,attack,24200,37500,-13300,2,2,4,6,-2,enemies
match8.json,38b38177-6cce-4165-9c2d-47f96eb23ccf,12,Ascent,attack,27300,28200,-900,1,2,5,6,-1,enemies
match8.json,38b38177-6cce-4165-9c2d-47f96eb23ccf,13,Ascent,defense,24550,21300,3250,2,3,5,7,-2,enemies
match8.json,38b38177-6cce-4165-9c2d-47f96eb23ccf,14,Ascent,defense,4000,7400,-3400,0,0,6,7,-1,enemies
match8.json,38b38177-6cce-4165-9c2d-47f96eb23ccf,15,Ascent,defense,12200,13250,-1050,0,1,7,7,0,enemies
match8.json,38b38177-6cce-4165-9c2d-47f96eb23ccf,16,Ascent,defense,12650,18250,-5600,1,1,8,7,1,enemies
match8.json,38b38177-6cce-4165-9c2d-47f96eb23ccf,17,Ascent,defense,15850,14550,1300,2,2,9,7,2,enemies
match8.json,38b38177-6cce-4165-9c2d-47f96eb23ccf,18,Ascent,defense,16300,10750,5550,4,1,9,8,1,allies
match8.json,38b38177-6cce-4165-9c2d-47f96eb23ccf,19,Ascent,defense,19000,16400,2600,5,2,10,8,2,allies
match8.json,38b38177-6cce-4165-9c2d-47f96eb23ccf,20,Ascent,defense,13100,18200,-5100,5,2,11,8,3,enemies
match8.json,38b38177-6cce-4165-9c2d-47f96eb23ccf,21,Ascent,defense,14200,21400,-7200,4,0,11,9,2,enemies
match8.json,38b38177-6cce-4165-9c2d-47f96eb23ccf,22,Ascent,defense,20700,7700,13000,3,0,11,10,1,enemies
match8.json,38b38177-6cce-4165-9c2d-47f96eb23ccf,23,Ascent,defense,25950,18350,7600,3,3,12,10,2,allies
match8.json,38b38177-6cce-4165-9c2d-47f96eb23ccf,24,Ascent,defense,21000,8100,12900,2,2,12,11,1,allies
match8.json,38b38177-6cce-4165-9c2d-47f96eb23ccf,25,Bonsai,defense,22350,11600,10750,2,0,12,12,0,enemies
match8.json,38b38177-6cce-4165-9c2d-47f96eb23ccf,26,Bonsai,attack,1900,25000,-23100,1,1,12,13,-1,enemies
match9.json,51bd7ece-91cf-46ed-9e47-a4b2f4c0e76d,1,Ascent,attack,0,0,0,0,0,0,0,0,enemies
match9.json,51bd7ece-91cf-46ed-9e47-a4b2f4c0e76d,2,Ascent,attack,8450,4000,4450,0,0,1,0,1,allies
match9.json,51bd7ece-91cf-46ed-9e47-a4b2f4c0e76d,3,Ascent,attack,19200,12300,6900,0,0,2,0,2,enemies
match9.json,51bd7ece-91cf-46ed-9e47-a4b2f4c0e76d,4,Ascent,attack,22150,20300,1850,2,1,3,0,3,enemies
match9.json,51bd7ece-91cf-46ed-9e47-a4b2f4c0e76d,5,Ascent,attack,14450,18800,-4350,2,1,4,0,4,allies
match9.json,51bd7ece-91cf-46ed-9e47-a4b2f4c0e76d,6,Ascent,attack,16800,15050,1750,3,3,4,1,3,allies
match9.json,51bd7ece-91cf-46ed-9e47-a4b2f4c0e76d,7,Ascent,attack,16750,17300,-550,4,2,5,1,4,allies
match9.json,51bd7ece-91cf-46ed-9e47-a4b2f4c0e76d,8,Ascent,attack,17250,17300,-50,4,2,5,2,3,allies
match9.json,51bd7ece-91cf-46ed-9e47-a4b2f4c0e76d,9,Ascent,attack,23650,16900,6750,5,3,5,3,2,enemies
match9.json,51bd7ece-91cf-46ed-9e47-a4b2f4c0e76d,10,Ascent,attack,7000,27200,-20200,4,2,5,4,1,allies
match9.json,51bd7ece-91cf-46ed-9e47-a4b2f4c0e76d,11,Ascent,attack,5450,32700,-27250,3,1,5,5,0,enemies
match9.json,51bd7ece-91cf-46ed-9e47-a4b2f4c0e76d,12,Ascent,attack,15750,36600,-20850,1,2,6,5,1,allies
match9.json,51bd7ece-91cf-46ed-9e47-a4b2f4c0e76d,13,Ascent,defense,32000,8700,23300,3,0,6,6,0,allies
match9.json,51bd7ece-91cf-46ed-9e47-a4b2f4c0e76d,14,Ascent,defense,4000,7250,-3250,0,0,7,6,1,enemies
match9.json,51bd7ece-91cf-46ed-9e47-a4b2f4c0e76d,15,Ascent,defense,11500,19100,-7600,0,0,8,6,2,enemies
match9.json,51bd7ece-91cf-46ed-9e47-a4b2f4c0e76d,16,Ascent,defense,13450,23350,-9900,0,1,9,6,3,enemies
match9.json,51bd7ece-91cf-46ed-9e47-a4b2f4c0e76d,17,Ascent,defense,16700,30800,-14100,1,1,10,6,4,allies
match9.json,51bd7ece-91cf-46ed-9e47-a4b2f4c0e76d,18,Ascent,defense,21050,26600,-5550,1,1,10,7,3,enemies
match9.json,51bd7ece-91cf-46ed-9e47-a4b2f4c0e76d,19,Ascent,defense,19850,25700,-5850,3,2,11,7,4,allies
match9.json,51bd7ece-91cf-46ed-9e47-a4b2f4c0e76d,20,Ascent,defense,22350,12200,10150,3,2,11,8,3,enemies
match9.json,51bd7ece-91cf-46ed-9e47-a4b2f4c0e76d,21,Ascent,defense,23350,20150,3200,2,1,12,8,4,allies
match9.json,51bd7ece-91cf-46ed-9e47-a4b2f4c0e76d,22,Ascent,defense,17400,12550,4850,3,1,12,9,3,enemies
match9.json,51bd7ece-91cf-46ed-9e47-a4b2f4c0e76d,23,Ascent,defense,18850,17250,1600,2,1,12,10,2,enemies
match9.json,51bd7ece-91cf-46ed-9e47-a4b2f4c0e76d,24,Ascent,defense,23300,12200,11100,0,2,12,11,1,enemies
match9.json,51bd7ece-91cf-46ed-9e47-a4b2f4c0e76d,25,Ascent,defense,33200,6550,26650,2,2,12,12,0,enemies
match9.json,51bd7ece-91cf-46ed-9e47-a4b2f4c0e76d,26,Ascent,attack,1150,25000,-23850,1,0,12,13,-1,enemies
